ID,Req. Timestamp,Resp. Timestamp,Method,URL,Code,Reason,RTT,Size Resp. Header,Size Resp. Body
451,Wed Oct 29 00:15:11 UTC 2025,Wed Oct 29 00:15:11 UTC 2025,GET,http://host.docker.internal:8081/swagger-ui/6126495482532463328,404,,53,195,119
453,Wed Oct 29 00:15:11 UTC 2025,Wed Oct 29 00:15:11 UTC 2025,GET,http://host.docker.internal:8081/swagger-ui,404,,7,194,99
454,Wed Oct 29 00:15:11 UTC 2025,Wed Oct 29 00:15:11 UTC 2025,GET,http://host.docker.internal:8081/swagger-ui,404,,5,194,99
455,Wed Oct 29 00:15:11 UTC 2025,Wed Oct 29 00:15:11 UTC 2025,GET,http://host.docker.internal:8081/swagger-ui,404,,3,194,99
456,Wed Oct 29 00:15:11 UTC 2025,Wed Oct 29 00:15:11 UTC 2025,GET,http://host.docker.internal:8081/WEB-INF/web.xml,404,,2,106,104
457,Wed Oct 29 00:15:11 UTC 2025,Wed Oct 29 00:15:11 UTC 2025,GET,http://host.docker.internal:8081/swagger-ui,404,,2,194,99
458,Wed Oct 29 00:15:11 UTC 2025,Wed Oct 29 00:15:11 UTC 2025,GET,http://host.docker.internal:8081/WEB-INF/applicationContext.xml,404,,2,106,119
459,Wed Oct 29 00:15:11 UTC 2025,Wed Oct 29 00:15:11 UTC 2025,GET,http://host.docker.internal:8081/swagger-ui,404,,2,194,99
460,Wed Oct 29 00:15:11 UTC 2025,Wed Oct 29 00:15:11 UTC 2025,GET,http://host.docker.internal:8081/WEB-INF/classes/11/839.class,404,,4,150,117
461,Wed Oct 29 00:15:11 UTC 2025,Wed Oct 29 00:15:11 UTC 2025,GET,http://host.docker.internal:8081/swagger-ui/index.html?-s,200,,4,256,734
462,Wed Oct 29 00:15:11 UTC 2025,Wed Oct 29 00:15:11 UTC 2025,GET,http://host.docker.internal:8081/swagger-ui/index.css?-s,200,,5,255,202
463,Wed Oct 29 00:15:11 UTC 2025,Wed Oct 29 00:15:11 UTC 2025,GET,http://host.docker.internal:8081/WEB-INF/classes/web/xml.class,404,,4,150,118
464,Wed Oct 29 00:15:11 UTC 2025,Wed Oct 29 00:15:11 UTC 2025,GET,http://host.docker.internal:8081/WEB-INF/classes/11/842.class,404,,3,150,117
465,Wed Oct 29 00:15:11 UTC 2025,Wed Oct 29 00:15:11 UTC 2025,GET,http://host.docker.internal:8081/WEB-INF/classes/applicationContext/xml.class,404,,3,150,133
466,Wed Oct 29 00:15:11 UTC 2025,Wed Oct 29 00:15:11 UTC 2025,GET,http://host.docker.internal:8081/swagger-ui/swagger-ui.css?-s,200,,7,258,152059
467,Wed Oct 29 00:15:11 UTC 2025,Wed Oct 29 00:15:11 UTC 2025,GET,http://host.docker.internal:8081/swagger-ui,404,,3,194,99
468,Wed Oct 29 00:15:11 UTC 2025,Wed Oct 29 00:15:11 UTC 2025,POST,http://host.docker.internal:8081/swagger-ui?-d+allow_url_include%3d1+-d+auto_prepend_file%3dphp://input,404,,5,194,99
469,Wed Oct 29 00:15:11 UTC 2025,Wed Oct 29 00:15:11 UTC 2025,POST,http://host.docker.internal:8081/swagger-ui?-d+allow_url_include%3d1+-d+auto_prepend_file%3dphp://input,404,,4,194,99
471,Wed Oct 29 00:15:11 UTC 2025,Wed Oct 29 00:15:11 UTC 2025,POST,http://host.docker.internal:8081/swagger-ui/favicon-32x32.png?-d+allow_url_include%3d1+-d+auto_prepend_file%3dphp://input,405,,10,213,126
470,Wed Oct 29 00:15:11 UTC 2025,Wed Oct 29 00:15:11 UTC 2025,POST,http://host.docker.internal:8081/swagger-ui/swagger-ui.css?-d+allow_url_include%3d1+-d+auto_prepend_file%3dphp://input,405,,6,257,123
472,Wed Oct 29 00:15:11 UTC 2025,Wed Oct 29 00:15:11 UTC 2025,POST,http://host.docker.internal:8081/swagger-ui/index.html?-d+allow_url_include%3d1+-d+auto_prepend_file%3dphp://input,405,,9,257,119
473,Wed Oct 29 00:15:11 UTC 2025,Wed Oct 29 00:15:11 UTC 2025,POST,http://host.docker.internal:8081/swagger-ui/swagger-ui-bundle.js?-d+allow_url_include%3d1+-d+auto_prepend_file%3dphp://input,405,,7,257,129
474,Wed Oct 29 00:15:11 UTC 2025,Wed Oct 29 00:15:11 UTC 2025,POST,http://host.docker.internal:8081/swagger-ui/swagger-initializer.js?-d+allow_url_include%3d1+-d+auto_prepend_file%3dphp://input,405,,8,257,131
475,Wed Oct 29 00:15:11 UTC 2025,Wed Oct 29 00:15:11 UTC 2025,POST,http://host.docker.internal:8081/swagger-ui/favicon-16x16.png?-d+allow_url_include%3d1+-d+auto_prepend_file%3dphp://input,405,,10,213,126
476,Wed Oct 29 00:15:11 UTC 2025,Wed Oct 29 00:15:11 UTC 2025,POST,http://host.docker.internal:8081/swagger-ui/swagger-ui-standalone-preset.js?-d+allow_url_include%3d1+-d+auto_prepend_file%3dphp://input,405,,6,257,140
477,Wed Oct 29 00:15:11 UTC 2025,Wed Oct 29 00:15:11 UTC 2025,POST,http://host.docker.internal:8081/swagger-ui/index.css?-d+allow_url_include%3d1+-d+auto_prepend_file%3dphp://input,405,,10,257,118
478,Wed Oct 29 00:15:11 UTC 2025,Wed Oct 29 00:15:11 UTC 2025,POST,http://host.docker.internal:8081/swagger-ui/swagger-ui.css?-d+allow_url_include%3d1+-d+auto_prepend_file%3dphp://input,405,,4,257,123
479,Wed Oct 29 00:15:11 UTC 2025,Wed Oct 29 00:15:11 UTC 2025,POST,http://host.docker.internal:8081/swagger-ui/swagger-ui-standalone-preset.js?-d+allow_url_include%3d1+-d+auto_prepend_file%3dphp://input,405,,4,257,140
480,Wed Oct 29 00:15:11 UTC 2025,Wed Oct 29 00:15:11 UTC 2025,POST,http://host.docker.internal:8081/swagger-ui/index.css?-d+allow_url_include%3d1+-d+auto_prepend_file%3dphp://input,405,,4,257,118
481,Wed Oct 29 00:15:11 UTC 2025,Wed Oct 29 00:15:11 UTC 2025,POST,http://host.docker.internal:8081/swagger-ui/swagger-initializer.js?-d+allow_url_include%3d1+-d+auto_prepend_file%3dphp://input,405,,5,257,131
482,Wed Oct 29 00:15:11 UTC 2025,Wed Oct 29 00:15:11 UTC 2025,POST,http://host.docker.internal:8081/swagger-ui/favicon-16x16.png?-d+allow_url_include%3d1+-d+auto_prepend_file%3dphp://input,405,,4,213,126
483,Wed Oct 29 00:15:11 UTC 2025,Wed Oct 29 00:15:11 UTC 2025,POST,http://host.docker.internal:8081/swagger-ui/swagger-ui-bundle.js?-d+allow_url_include%3d1+-d+auto_prepend_file%3dphp://input,405,,5,257,129
485,Wed Oct 29 00:15:11 UTC 2025,Wed Oct 29 00:15:11 UTC 2025,POST,http://host.docker.internal:8081/swagger-ui/index.html?-d+allow_url_include%3d1+-d+auto_prepend_file%3dphp://input,405,,4,257,119
484,Wed Oct 29 00:15:11 UTC 2025,Wed Oct 29 00:15:11 UTC 2025,POST,http://host.docker.internal:8081/swagger-ui/favicon-32x32.png?-d+allow_url_include%3d1+-d+auto_prepend_file%3dphp://input,405,,5,213,126
486,Wed Oct 29 00:15:11 UTC 2025,Wed Oct 29 00:15:11 UTC 2025,GET,http://host.docker.internal:8081/swagger-ui,404,,5,194,99
487,Wed Oct 29 00:15:11 UTC 2025,Wed Oct 29 00:15:11 UTC 2025,GET,http://host.docker.internal:8081/swagger-ui,404,,4,194,99
488,Wed Oct 29 00:15:11 UTC 2025,Wed Oct 29 00:15:11 UTC 2025,GET,http://host.docker.internal:8081/swagger-ui,404,,4,194,99
489,Wed Oct 29 00:15:11 UTC 2025,Wed Oct 29 00:15:11 UTC 2025,GET,http://host.docker.internal:8081/swagger-ui,404,,3,194,99
490,Wed Oct 29 00:15:11 UTC 2025,Wed Oct 29 00:15:11 UTC 2025,GET,http://host.docker.internal:8081/swagger-ui,404,,3,194,99
491,Wed Oct 29 00:15:11 UTC 2025,Wed Oct 29 00:15:11 UTC 2025,GET,http://host.docker.internal:8081/swagger-ui/favicon-16x16.png,200,,5,304,665
492,Wed Oct 29 00:15:11 UTC 2025,Wed Oct 29 00:15:11 UTC 2025,GET,http://host.docker.internal:8081/swagger-ui/index.css,200,,4,303,202
493,Wed Oct 29 00:15:11 UTC 2025,Wed Oct 29 00:15:11 UTC 2025,GET,http://host.docker.internal:8081/swagger-ui/favicon-32x32.png,200,,3,256,628
494,Wed Oct 29 00:15:11 UTC 2025,Wed Oct 29 00:15:11 UTC 2025,GET,http://host.docker.internal:8081/swagger-ui,404,,5,194,99
495,Wed Oct 29 00:15:11 UTC 2025,Wed Oct 29 00:15:11 UTC 2025,GET,http://host.docker.internal:8081/swagger-ui/swagger-initializer.js,200,,5,335,612
496,Wed Oct 29 00:15:11 UTC 2025,Wed Oct 29 00:15:11 UTC 2025,GET,http://host.docker.internal:8081/swagger-ui/index.html,200,,5,304,734
497,Wed Oct 29 00:15:11 UTC 2025,Wed Oct 29 00:15:11 UTC 2025,GET,http://host.docker.internal:8081/swagger-ui/swagger-ui-standalone-preset.js,200,,7,313,230777
498,Wed Oct 29 00:15:11 UTC 2025,Wed Oct 29 00:15:11 UTC 2025,GET,http://host.docker.internal:8081/swagger-ui/swagger-ui.css,200,,5,306,152059
499,Wed Oct 29 00:15:11 UTC 2025,Wed Oct 29 00:15:11 UTC 2025,GET,http://host.docker.internal:8081/swagger-ui/swagger-ui-bundle.js,200,,14,314,1418005
500,Wed Oct 29 00:15:12 UTC 2025,Wed Oct 29 00:15:12 UTC 2025,GET,http://host.docker.internal:8081/swagger-ui,404,,2,194,99
501,Wed Oct 29 00:15:12 UTC 2025,Wed Oct 29 00:15:12 UTC 2025,GET,http://host.docker.internal:8081/swagger-ui,404,,4,194,99
502,Wed Oct 29 00:15:12 UTC 2025,Wed Oct 29 00:15:12 UTC 2025,GET,http://host.docker.internal:8081/swagger-ui,404,,3,194,99
503,Wed Oct 29 00:15:12 UTC 2025,Wed Oct 29 00:15:12 UTC 2025,GET,http://host.docker.internal:8081/swagger-ui,404,,3,194,99
504,Wed Oct 29 00:15:12 UTC 2025,Wed Oct 29 00:15:12 UTC 2025,GET,http://host.docker.internal:8081/swagger-ui,404,,3,194,99
505,Wed Oct 29 00:15:12 UTC 2025,Wed Oct 29 00:15:12 UTC 2025,GET,http://host.docker.internal:8081/swagger-ui,404,,4,194,99
506,Wed Oct 29 00:15:12 UTC 2025,Wed Oct 29 00:15:12 UTC 2025,GET,http://host.docker.internal:8081/swagger-ui,404,,4,194,99
507,Wed Oct 29 00:15:12 UTC 2025,Wed Oct 29 00:15:12 UTC 2025,GET,http://host.docker.internal:8081/swagger-ui,404,,4,194,99
508,Wed Oct 29 00:15:13 UTC 2025,Wed Oct 29 00:15:13 UTC 2025,GET,http://host.docker.internal:8081/swagger-ui/favicon-16x16.png,200,,8,304,665
509,Wed Oct 29 00:15:13 UTC 2025,Wed Oct 29 00:15:13 UTC 2025,GET,http://host.docker.internal:8081/favicon.ico,404,,6,243,100
510,Wed Oct 29 00:15:14 UTC 2025,Wed Oct 29 00:15:14 UTC 2025,GET,http://host.docker.internal:8081/swagger-ui/favicon-16x16.png?name=abc,200,,14,304,665
511,Wed Oct 29 00:15:14 UTC 2025,Wed Oct 29 00:15:14 UTC 2025,GET,http://host.docker.internal:8081/swagger-ui/favicon-32x32.png,200,,8,304,628
512,Wed Oct 29 00:15:14 UTC 2025,Wed Oct 29 00:15:14 UTC 2025,GET,http://host.docker.internal:8081/favicon.ico,404,,6,243,100
513,Wed Oct 29 00:15:14 UTC 2025,Wed Oct 29 00:15:14 UTC 2025,GET,http://host.docker.internal:8081/swagger-ui/favicon-32x32.png?name=abc,200,,8,304,628
514,Wed Oct 29 00:15:15 UTC 2025,Wed Oct 29 00:15:15 UTC 2025,GET,http://host.docker.internal:8081/swagger-ui,404,,14,275,275
515,Wed Oct 29 00:15:15 UTC 2025,Wed Oct 29 00:15:15 UTC 2025,GET,http://host.docker.internal:8081/favicon.ico,404,,8,243,100
516,Wed Oct 29 00:15:15 UTC 2025,Wed Oct 29 00:15:15 UTC 2025,GET,http://host.docker.internal:8081/swagger-ui/swagger-initializer.js,200,,24,335,612
517,Wed Oct 29 00:15:15 UTC 2025,Wed Oct 29 00:15:15 UTC 2025,GET,http://host.docker.internal:8081/favicon.ico,404,,5,243,100
518,Wed Oct 29 00:15:16 UTC 2025,Wed Oct 29 00:15:16 UTC 2025,GET,http://host.docker.internal:8081/swagger-ui/swagger-initializer.js?name=abc,200,,9,335,612
519,Wed Oct 29 00:15:17 UTC 2025,Wed Oct 29 00:15:17 UTC 2025,GET,http://host.docker.internal:8081/swagger-ui/index.css,200,,6,303,202
520,Wed Oct 29 00:15:17 UTC 2025,Wed Oct 29 00:15:17 UTC 2025,GET,http://host.docker.internal:8081/favicon.ico,404,,21,243,100
521,Wed Oct 29 00:15:17 UTC 2025,Wed Oct 29 00:15:17 UTC 2025,GET,http://host.docker.internal:8081/swagger-ui/swagger-ui-bundle.js,200,,34,314,1418005
522,Wed Oct 29 00:15:18 UTC 2025,Wed Oct 29 00:15:18 UTC 2025,GET,http://host.docker.internal:8081/swagger-ui/index.css?name=abc,200,,5,303,202
523,Wed Oct 29 00:15:18 UTC 2025,Wed Oct 29 00:15:18 UTC 2025,GET,http://host.docker.internal:8081/swagger-ui?name=abc,404,,9,275,275
524,Wed Oct 29 00:15:18 UTC 2025,Wed Oct 29 00:15:18 UTC 2025,GET,http://host.docker.internal:8081/favicon.ico,404,,51,243,100
525,Wed Oct 29 00:15:19 UTC 2025,Wed Oct 29 00:15:19 UTC 2025,GET,http://host.docker.internal:8081/swagger-ui/index.html,200,,23,304,734
526,Wed Oct 29 00:15:19 UTC 2025,Wed Oct 29 00:15:19 UTC 2025,GET,http://host.docker.internal:8081/swagger-ui/swagger-ui.css,200,,24,306,152059
527,Wed Oct 29 00:15:19 UTC 2025,Wed Oct 29 00:15:19 UTC 2025,GET,http://host.docker.internal:8081/favicon.ico,404,,25,243,100
528,Wed Oct 29 00:15:19 UTC 2025,Wed Oct 29 00:15:19 UTC 2025,GET,http://host.docker.internal:8081/swagger-ui/swagger-ui.css,200,,10,306,152059
529,Wed Oct 29 00:15:19 UTC 2025,Wed Oct 29 00:15:19 UTC 2025,GET,http://host.docker.internal:8081/swagger-ui/swagger-ui-standalone-preset.js,200,,26,313,230777
530,Wed Oct 29 00:15:19 UTC 2025,Wed Oct 29 00:15:19 UTC 2025,GET,http://host.docker.internal:8081/swagger-ui/index.css,200,,11,303,202
531,Wed Oct 29 00:15:19 UTC 2025,Wed Oct 29 00:15:19 UTC 2025,GET,http://host.docker.internal:8081/swagger-ui/swagger-initializer.js,200,,9,335,612
532,Wed Oct 29 00:15:19 UTC 2025,Wed Oct 29 00:15:19 UTC 2025,GET,http://host.docker.internal:8081/swagger-ui/swagger-ui-bundle.js,200,,40,314,1418005
533,Wed Oct 29 00:15:19 UTC 2025,Wed Oct 29 00:15:19 UTC 2025,GET,http://host.docker.internal:8081/swagger-ui/swagger-ui-bundle.js?name=abc,200,,15,314,1418005
534,Wed Oct 29 00:15:20 UTC 2025,Wed Oct 29 00:15:20 UTC 2025,GET,http://host.docker.internal:8081/swagger-ui/favicon-16x16.png,200,,4,304,665
535,Wed Oct 29 00:15:20 UTC 2025,Wed Oct 29 00:15:20 UTC 2025,GET,http://host.docker.internal:8081/swagger-ui/swagger-ui.css?name=abc,200,,13,306,152059
536,Wed Oct 29 00:15:20 UTC 2025,Wed Oct 29 00:15:20 UTC 2025,GET,http://host.docker.internal:8081/v3/api-docs/swagger-config,200,,29,154,169
537,Wed Oct 29 00:15:20 UTC 2025,Wed Oct 29 00:15:20 UTC 2025,GET,http://host.docker.internal:8081/v3/api-docs,200,,11,156,16054
538,Wed Oct 29 00:15:20 UTC 2025,Wed Oct 29 00:15:20 UTC 2025,GET,http://host.docker.internal:8081/swagger-ui/swagger-ui-standalone-preset.js,200,,5,313,230777
539,Wed Oct 29 00:15:21 UTC 2025,Wed Oct 29 00:15:21 UTC 2025,GET,http://host.docker.internal:8081/favicon.ico,404,,16,243,100
540,Wed Oct 29 00:15:21 UTC 2025,Wed Oct 29 00:15:21 UTC 2025,GET,http://host.docker.internal:8081/swagger-ui/swagger-ui-standalone-preset.js?name=abc,200,,26,313,230777
541,Wed Oct 29 00:15:40 UTC 2025,Wed Oct 29 00:15:40 UTC 2025,GET,http://host.docker.internal:8081/check-token,200,,44,161,16
542,Wed Oct 29 00:15:55 UTC 2025,Wed Oct 29 00:15:55 UTC 2025,GET,http://host.docker.internal:8081/auth/hh,302,Found,31,2303,0
543,Wed Oct 29 00:16:03 UTC 2025,Wed Oct 29 00:16:03 UTC 2025,GET,http://host.docker.internal:8081/account/login?backurl=%2Foauth%2Fauthorize%3Fclient_id%3DU07LVPGLIM3IN6E0B4FJU0VA48UJC97DHNKA4LOIUNFRI4N2QKEDID8E5D0362RD%26redirect_uri%3Dhttp%253A%252F%252Flocalhost%253A8080%252Fapi%252Fv1%252Fauth%252Fcallback%26response_type%3Dcode%26skip_choose_account%3Dtrue&response_type=code&oauth=true,404,,15,243,102
544,Wed Oct 29 00:16:17 UTC 2025,Wed Oct 29 00:16:17 UTC 2025,GET,http://host.docker.internal:8081/v3/api-docs,200,,26,156,16054
545,Wed Oct 29 00:21:11 UTC 2025,Wed Oct 29 00:21:11 UTC 2025,GET,http://host.docker.internal:8081/swagger-ui/index.html,200,,14,304,734
546,Wed Oct 29 00:21:11 UTC 2025,Wed Oct 29 00:21:11 UTC 2025,GET,http://host.docker.internal:8081/swagger-ui/swagger-ui.css,200,,4,306,152059
547,Wed Oct 29 00:21:11 UTC 2025,Wed Oct 29 00:21:11 UTC 2025,GET,http://host.docker.internal:8081/swagger-ui/index.css,200,,4,303,202
548,Wed Oct 29 00:21:11 UTC 2025,Wed Oct 29 00:21:11 UTC 2025,GET,http://host.docker.internal:8081/swagger-ui/swagger-initializer.js,200,,4,335,612
549,Wed Oct 29 00:21:11 UTC 2025,Wed Oct 29 00:21:11 UTC 2025,GET,http://host.docker.internal:8081/swagger-ui/swagger-ui-standalone-preset.js,200,,7,313,230777
550,Wed Oct 29 00:21:11 UTC 2025,Wed Oct 29 00:21:11 UTC 2025,GET,http://host.docker.internal:8081/swagger-ui/swagger-ui-bundle.js,200,,12,314,1418005
551,Wed Oct 29 00:21:11 UTC 2025,Wed Oct 29 00:21:11 UTC 2025,GET,http://host.docker.internal:8081/swagger-ui/favicon-16x16.png,200,,3,304,665
552,Wed Oct 29 00:21:11 UTC 2025,Wed Oct 29 00:21:11 UTC 2025,GET,http://host.docker.internal:8081/v3/api-docs/swagger-config,200,,3,154,169
553,Wed Oct 29 00:21:11 UTC 2025,Wed Oct 29 00:21:11 UTC 2025,GET,http://host.docker.internal:8081/v3/api-docs,200,,7,156,16054
554,Wed Oct 29 00:21:29 UTC 2025,Wed Oct 29 00:21:29 UTC 2025,GET,http://host.docker.internal:8081/check-token,200,,27,161,16
555,Wed Oct 29 00:21:41 UTC 2025,Wed Oct 29 00:21:41 UTC 2025,GET,http://host.docker.internal:8081/auth/hh,302,Found,6,2302,0
556,Wed Oct 29 00:21:48 UTC 2025,Wed Oct 29 00:21:48 UTC 2025,GET,http://host.docker.internal:8081/account/login?backurl=%2Foauth%2Fauthorize%3Fclient_id%3DU07LVPGLIM3IN6E0B4FJU0VA48UJC97DHNKA4LOIUNFRI4N2QKEDID8E5D0362RD%26redirect_uri%3Dhttp%253A%252F%252Flocalhost%253A8080%252Fapi%252Fv1%252Fauth%252Fcallback%26response_type%3Dcode%26skip_choose_account%3Dtrue&response_type=code&oauth=true,404,,41,243,102
557,Wed Oct 29 00:22:13 UTC 2025,Wed Oct 29 00:22:13 UTC 2025,GET,http://host.docker.internal:8081/swagger-ui/index.html?name=abc,200,,11,304,734
558,Wed Oct 29 00:22:13 UTC 2025,Wed Oct 29 00:22:13 UTC 2025,GET,http://host.docker.internal:8081/swagger-ui/swagger-initializer.js,200,,4,335,612
559,Wed Oct 29 00:22:13 UTC 2025,Wed Oct 29 00:22:13 UTC 2025,GET,http://host.docker.internal:8081/v3/api-docs/swagger-config,200,,4,154,169
560,Wed Oct 29 00:22:13 UTC 2025,Wed Oct 29 00:22:13 UTC 2025,GET,http://host.docker.internal:8081/v3/api-docs,200,,11,156,16054
561,Wed Oct 29 00:22:13 UTC 2025,Wed Oct 29 00:22:13 UTC 2025,GET,http://host.docker.internal:8081/v3/api-docs,200,,6,156,16054
562,Wed Oct 29 00:22:13 UTC 2025,Wed Oct 29 00:22:13 UTC 2025,GET,http://host.docker.internal:8081/v3/api-docs,200,,8,156,16054
563,Wed Oct 29 00:22:32 UTC 2025,Wed Oct 29 00:22:32 UTC 2025,GET,http://host.docker.internal:8081/check-token,200,,25,161,16
564,Wed Oct 29 00:22:44 UTC 2025,Wed Oct 29 00:22:44 UTC 2025,GET,http://host.docker.internal:8081/auth/hh,302,Found,9,2233,0
565,Wed Oct 29 00:22:52 UTC 2025,Wed Oct 29 00:22:52 UTC 2025,GET,http://host.docker.internal:8081/account/login?backurl=%2Foauth%2Fauthorize%3Fclient_id%3DU07LVPGLIM3IN6E0B4FJU0VA48UJC97DHNKA4LOIUNFRI4N2QKEDID8E5D0362RD%26redirect_uri%3Dhttp%253A%252F%252Flocalhost%253A8080%252Fapi%252Fv1%252Fauth%252Fcallback%26response_type%3Dcode%26skip_choose_account%3Dtrue&response_type=code&oauth=true,404,,25,243,102
566,Wed Oct 29 00:23:17 UTC 2025,Wed Oct 29 00:23:17 UTC 2025,GET,http://host.docker.internal:8081/swagger-ui,404,,34,194,99
567,Wed Oct 29 00:23:17 UTC 2025,Wed Oct 29 00:23:17 UTC 2025,GET,http://host.docker.internal:8081/swagger-ui,404,,3,194,99
568,Wed Oct 29 00:23:17 UTC 2025,Wed Oct 29 00:23:17 UTC 2025,GET,http://host.docker.internal:8081/swagger-ui,404,,4,194,99
569,Wed Oct 29 00:23:17 UTC 2025,Wed Oct 29 00:23:17 UTC 2025,GET,http://host.docker.internal:8081/swagger-ui?class.module.classLoader.DefaultAssertionStatus=nonsense,404,,7,194,99
570,Wed Oct 29 00:23:17 UTC 2025,Wed Oct 29 00:23:17 UTC 2025,GET,http://host.docker.internal:8081/swagger-ui/favicon-32x32.png?class.module.classLoader.DefaultAssertionStatus=nonsense,200,,8,256,628
571,Wed Oct 29 00:23:17 UTC 2025,Wed Oct 29 00:23:17 UTC 2025,GET,http://host.docker.internal:8081/swagger-ui/swagger-initializer.js?class.module.classLoader.DefaultAssertionStatus=nonsense,200,,6,335,612
572,Wed Oct 29 00:23:17 UTC 2025,Wed Oct 29 00:23:17 UTC 2025,GET,http://host.docker.internal:8081/swagger-ui/index.html?class.module.classLoader.DefaultAssertionStatus=nonsense,200,,8,304,734
573,Wed Oct 29 00:23:17 UTC 2025,Wed Oct 29 00:23:17 UTC 2025,GET,http://host.docker.internal:8081/swagger-ui/favicon-16x16.png?class.module.classLoader.DefaultAssertionStatus=nonsense,200,,9,304,665
574,Wed Oct 29 00:23:17 UTC 2025,Wed Oct 29 00:23:17 UTC 2025,GET,http://host.docker.internal:8081/swagger-ui/index.css?class.module.classLoader.DefaultAssertionStatus=nonsense,200,,8,303,202
575,Wed Oct 29 00:23:17 UTC 2025,Wed Oct 29 00:23:17 UTC 2025,POST,http://host.docker.internal:8081/swagger-ui,404,,6,194,99
576,Wed Oct 29 00:23:17 UTC 2025,Wed Oct 29 00:23:17 UTC 2025,GET,http://host.docker.internal:8081/swagger-ui/swagger-ui-standalone-preset.js?class.module.classLoader.DefaultAssertionStatus=nonsense,200,,10,313,230777
577,Wed Oct 29 00:23:17 UTC 2025,Wed Oct 29 00:23:17 UTC 2025,POST,http://host.docker.internal:8081/swagger-ui/index.css,405,,4,305,118
578,Wed Oct 29 00:23:17 UTC 2025,Wed Oct 29 00:23:17 UTC 2025,POST,http://host.docker.internal:8081/swagger-ui/favicon-32x32.png,405,,5,213,126
579,Wed Oct 29 00:23:17 UTC 2025,Wed Oct 29 00:23:17 UTC 2025,POST,http://host.docker.internal:8081/swagger-ui/favicon-16x16.png,405,,5,261,126
580,Wed Oct 29 00:23:17 UTC 2025,Wed Oct 29 00:23:17 UTC 2025,GET,http://host.docker.internal:8081/swagger-ui/swagger-ui.css?class.module.classLoader.DefaultAssertionStatus=nonsense,200,,8,306,152059
581,Wed Oct 29 00:23:17 UTC 2025,Wed Oct 29 00:23:17 UTC 2025,POST,http://host.docker.internal:8081/swagger-ui/swagger-initializer.js,405,,5,305,131
582,Wed Oct 29 00:23:17 UTC 2025,Wed Oct 29 00:23:17 UTC 2025,POST,http://host.docker.internal:8081/swagger-ui/swagger-ui-standalone-preset.js,405,,4,305,140
583,Wed Oct 29 00:23:17 UTC 2025,Wed Oct 29 00:23:17 UTC 2025,GET,http://host.docker.internal:8081/swagger-ui/swagger-ui-bundle.js?class.module.classLoader.DefaultAssertionStatus=nonsense,200,,18,314,1418005
584,Wed Oct 29 00:23:17 UTC 2025,Wed Oct 29 00:23:17 UTC 2025,POST,http://host.docker.internal:8081/swagger-ui/index.html,405,,14,293,284
585,Wed Oct 29 00:23:17 UTC 2025,Wed Oct 29 00:23:17 UTC 2025,POST,http://host.docker.internal:8081/swagger-ui/swagger-ui.css,405,,4,305,123
586,Wed Oct 29 00:23:17 UTC 2025,Wed Oct 29 00:23:17 UTC 2025,POST,http://host.docker.internal:8081/swagger-ui/swagger-ui-bundle.js,405,,3,305,129
587,Wed Oct 29 00:23:17 UTC 2025,Wed Oct 29 00:23:17 UTC 2025,GET,http://host.docker.internal:8081/swagger-ui,404,,2,194,99
588,Wed Oct 29 00:23:17 UTC 2025,Wed Oct 29 00:23:17 UTC 2025,GET,http://host.docker.internal:8081/swagger-ui,404,,3,194,99
589,Wed Oct 29 00:23:17 UTC 2025,Wed Oct 29 00:23:17 UTC 2025,GET,http://host.docker.internal:8081/swagger-ui,404,,3,194,99
590,Wed Oct 29 00:23:17 UTC 2025,Wed Oct 29 00:23:17 UTC 2025,GET,http://host.docker.internal:8081/swagger-ui,404,,3,194,99
591,Wed Oct 29 00:23:17 UTC 2025,Wed Oct 29 00:23:17 UTC 2025,GET,http://host.docker.internal:8081/swagger-ui,404,,4,194,99
592,Wed Oct 29 00:23:17 UTC 2025,Wed Oct 29 00:23:17 UTC 2025,GET,http://host.docker.internal:8081/swagger-ui,404,,6,194,99
593,Wed Oct 29 00:23:17 UTC 2025,Wed Oct 29 00:23:17 UTC 2025,GET,http://host.docker.internal:8081/swagger-ui,404,,4,194,99
594,Wed Oct 29 00:23:17 UTC 2025,Wed Oct 29 00:23:17 UTC 2025,GET,http://host.docker.internal:8081/latest/meta-data/,404,,6,195,106
595,Wed Oct 29 00:23:17 UTC 2025,Wed Oct 29 00:23:17 UTC 2025,GET,http://host.docker.internal:8081/latest/meta-data/,404,,3,195,106
596,Wed Oct 29 00:23:17 UTC 2025,Wed Oct 29 00:23:17 UTC 2025,GET,http://host.docker.internal:8081/computeMetadata/v1/,404,,4,195,108
597,Wed Oct 29 00:23:17 UTC 2025,Wed Oct 29 00:23:17 UTC 2025,GET,http://host.docker.internal:8081/computeMetadata/v1/,404,,3,195,108
598,Wed Oct 29 00:23:17 UTC 2025,Wed Oct 29 00:23:17 UTC 2025,GET,http://host.docker.internal:8081/opc/v1/instance/,404,,4,195,105
599,Wed Oct 29 00:23:17 UTC 2025,Wed Oct 29 00:23:17 UTC 2025,GET,http://host.docker.internal:8081/opc/v1/instance/,404,,3,195,105
600,Wed Oct 29 00:23:17 UTC 2025,Wed Oct 29 00:23:17 UTC 2025,GET,http://host.docker.internal:8081/latest/meta-data/,404,,3,195,106
601,Wed Oct 29 00:23:17 UTC 2025,Wed Oct 29 00:23:17 UTC 2025,GET,http://host.docker.internal:8081/latest/meta-data/,404,,3,195,106
602,Wed Oct 29 00:23:17 UTC 2025,Wed Oct 29 00:23:17 UTC 2025,GET,http://host.docker.internal:8081/metadata/instance,404,,4,195,106
603,Wed Oct 29 00:23:17 UTC 2025,Wed Oct 29 00:23:17 UTC 2025,GET,http://host.docker.internal:8081/swagger-ui,404,,4,194,99
604,Wed Oct 29 00:23:17 UTC 2025,Wed Oct 29 00:23:17 UTC 2025,GET,http://host.docker.internal:8081/swagger-ui,404,,3,194,99
605,Wed Oct 29 00:23:17 UTC 2025,Wed Oct 29 00:23:17 UTC 2025,GET,http://host.docker.internal:8081/swagger-ui,404,,3,194,99
606,Wed Oct 29 00:23:17 UTC 2025,Wed Oct 29 00:23:17 UTC 2025,GET,http://host.docker.internal:8081/swagger-ui/favicon-16x16.png/,200,,3,304,665
607,Wed Oct 29 00:23:17 UTC 2025,Wed Oct 29 00:23:17 UTC 2025,GET,http://host.docker.internal:8081/swagger-ui/favicon-32x32.png/,200,,3,256,628
608,Wed Oct 29 00:23:17 UTC 2025,Wed Oct 29 00:23:17 UTC 2025,GET,http://host.docker.internal:8081/swagger-ui/index.html/,200,,2,304,734
609,Wed Oct 29 00:23:17 UTC 2025,Wed Oct 29 00:23:17 UTC 2025,GET,http://host.docker.internal:8081/swagger-ui/,404,,4,195,100
610,Wed Oct 29 00:23:17 UTC 2025,Wed Oct 29 00:23:17 UTC 2025,GET,http://host.docker.internal:8081/swagger-ui/index.css/,200,,3,303,202
611,Wed Oct 29 00:23:17 UTC 2025,Wed Oct 29 00:23:17 UTC 2025,GET,http://host.docker.internal:8081/swagger-ui/swagger-initializer.js/,200,,3,310,612
612,Wed Oct 29 00:23:17 UTC 2025,Wed Oct 29 00:23:17 UTC 2025,GET,http://host.docker.internal:8081/swagger-ui/swagger-ui-standalone-preset.js/,200,,4,313,230777
613,Wed Oct 29 00:23:17 UTC 2025,Wed Oct 29 00:23:17 UTC 2025,GET,http://host.docker.internal:8081/swagger-ui/swagger-ui-bundle.js/,200,,15,314,1418005
614,Wed Oct 29 00:23:17 UTC 2025,Wed Oct 29 00:23:17 UTC 2025,GET,http://host.docker.internal:8081/swagger-ui/swagger-ui.css/,200,,3,306,152059
615,Wed Oct 29 00:23:17 UTC 2025,Wed Oct 29 00:23:17 UTC 2025,GET,http://host.docker.internal:8081/swagger-ui,404,,4,194,99
616,Wed Oct 29 00:23:17 UTC 2025,Wed Oct 29 00:23:17 UTC 2025,GET,http://host.docker.internal:8081/swagger-ui,404,,3,194,99
617,Wed Oct 29 00:23:17 UTC 2025,Wed Oct 29 00:23:17 UTC 2025,GET,http://host.docker.internal:8081/swagger-ui,404,,2,194,99
618,Wed Oct 29 00:23:17 UTC 2025,Wed Oct 29 00:23:17 UTC 2025,GET,http://host.docker.internal:8081/swagger-ui,404,,3,194,99
619,Wed Oct 29 00:23:17 UTC 2025,Wed Oct 29 00:23:17 UTC 2025,GET,http://host.docker.internal:8081/swagger-ui,404,,4,194,99
620,Wed Oct 29 00:23:17 UTC 2025,Wed Oct 29 00:23:17 UTC 2025,GET,http://host.docker.internal:8081/swagger-ui,404,,3,194,99
621,Wed Oct 29 00:23:17 UTC 2025,Wed Oct 29 00:23:17 UTC 2025,GET,http://host.docker.internal:8081/swagger-ui/trace.axd,404,,6,275,275
622,Wed Oct 29 00:23:17 UTC 2025,Wed Oct 29 00:23:18 UTC 2025,GET,http://host.docker.internal:8081/elmah.axd,404,,19,238,98
623,Wed Oct 29 00:23:17 UTC 2025,Wed Oct 29 00:23:18 UTC 2025,GET,http://host.docker.internal:8081/swagger-ui/trace.axd,404,,11,287,109
624,Wed Oct 29 00:23:17 UTC 2025,Wed Oct 29 00:23:18 UTC 2025,GET,http://host.docker.internal:8081/trace.axd,404,,11,238,98
625,Wed Oct 29 00:23:17 UTC 2025,Wed Oct 29 00:23:18 UTC 2025,GET,http://host.docker.internal:8081/swagger-ui/trace.axd,404,,10,239,109
626,Wed Oct 29 00:23:17 UTC 2025,Wed Oct 29 00:23:18 UTC 2025,GET,http://host.docker.internal:8081/swagger-ui/trace.axd,404,,11,287,109
627,Wed Oct 29 00:23:17 UTC 2025,Wed Oct 29 00:23:18 UTC 2025,GET,http://host.docker.internal:8081/swagger-ui/trace.axd,404,,11,287,109
628,Wed Oct 29 00:23:17 UTC 2025,Wed Oct 29 00:23:18 UTC 2025,GET,http://host.docker.internal:8081/swagger-ui/trace.axd,404,,11,287,109
629,Wed Oct 29 00:23:17 UTC 2025,Wed Oct 29 00:23:18 UTC 2025,GET,http://host.docker.internal:8081/swagger-ui/trace.axd,404,,11,287,109
630,Wed Oct 29 00:23:17 UTC 2025,Wed Oct 29 00:23:18 UTC 2025,GET,http://host.docker.internal:8081/swagger-ui/trace.axd,404,,12,287,109
631,Wed Oct 29 00:23:18 UTC 2025,Wed Oct 29 00:23:18 UTC 2025,GET,http://host.docker.internal:8081/swagger-ui,404,,2,194,99
632,Wed Oct 29 00:23:18 UTC 2025,Wed Oct 29 00:23:18 UTC 2025,GET,http://host.docker.internal:8081/.htaccess,404,,37,238,98
633,Wed Oct 29 00:23:18 UTC 2025,Wed Oct 29 00:23:18 UTC 2025,GET,http://host.docker.internal:8081/swagger-ui/.htaccess,404,,37,287,109
634,Wed Oct 29 00:23:18 UTC 2025,Wed Oct 29 00:23:18 UTC 2025,GET,http://host.docker.internal:8081/swagger-ui,404,,3,194,99
635,Wed Oct 29 00:23:18 UTC 2025,Wed Oct 29 00:23:18 UTC 2025,GET,http://host.docker.internal:8081/swagger-ui/.env,404,,4,287,104
636,Wed Oct 29 00:23:18 UTC 2025,Wed Oct 29 00:23:18 UTC 2025,GET,http://host.docker.internal:8081/.env,404,,4,238,93
637,Wed Oct 29 00:23:18 UTC 2025,Wed Oct 29 00:23:18 UTC 2025,GET,http://host.docker.internal:8081/swagger-ui,404,,2,194,99
638,Wed Oct 29 00:23:18 UTC 2025,Wed Oct 29 00:23:18 UTC 2025,GET,http://host.docker.internal:8081/swagger-ui,404,,4,194,99
639,Wed Oct 29 00:23:18 UTC 2025,Wed Oct 29 00:23:18 UTC 2025,GET,http://host.docker.internal:8081/zap3767757999622089058,404,,3,195,111
640,Wed Oct 29 00:23:18 UTC 2025,Wed Oct 29 00:23:18 UTC 2025,GET,http://host.docker.internal:8081/.zap473768950567897226,404,,9,239,111
641,Wed Oct 29 00:23:18 UTC 2025,Wed Oct 29 00:23:18 UTC 2025,GET,http://host.docker.internal:8081/actuator/health,404,,8,195,104
642,Wed Oct 29 00:23:18 UTC 2025,Wed Oct 29 00:23:18 UTC 2025,GET,http://host.docker.internal:8081/swagger-ui,404,,8,194,99
643,Wed Oct 29 00:23:18 UTC 2025,Wed Oct 29 00:23:18 UTC 2025,GET,http://host.docker.internal:8081/actuator/health,404,,7,195,104
644,Wed Oct 29 00:23:18 UTC 2025,Wed Oct 29 00:23:18 UTC 2025,GET,http://host.docker.internal:8081/lfm.php,404,,12,238,96
645,Wed Oct 29 00:23:18 UTC 2025,Wed Oct 29 00:23:18 UTC 2025,GET,http://host.docker.internal:8081/.idea/WebServers.xml,404,,6,195,109
646,Wed Oct 29 00:23:18 UTC 2025,Wed Oct 29 00:23:18 UTC 2025,GET,http://host.docker.internal:8081/config/databases.yml,404,,3,195,109
647,Wed Oct 29 00:23:18 UTC 2025,Wed Oct 29 00:23:18 UTC 2025,GET,http://host.docker.internal:8081/config/database.yml,404,,3,195,108
648,Wed Oct 29 00:23:18 UTC 2025,Wed Oct 29 00:23:18 UTC 2025,GET,http://host.docker.internal:8081/.git/config,404,,4,195,100
649,Wed Oct 29 00:23:18 UTC 2025,Wed Oct 29 00:23:18 UTC 2025,GET,http://host.docker.internal:8081/.svn/entries,404,,3,195,101
650,Wed Oct 29 00:23:18 UTC 2025,Wed Oct 29 00:23:18 UTC 2025,GET,http://host.docker.internal:8081/.svn/wc.db,404,,7,238,99
651,Wed Oct 29 00:23:18 UTC 2025,Wed Oct 29 00:23:18 UTC 2025,GET,http://host.docker.internal:8081/CVS/root,404,,3,194,97
652,Wed Oct 29 00:23:18 UTC 2025,Wed Oct 29 00:23:18 UTC 2025,GET,http://host.docker.internal:8081/server-status,404,,3,195,102
653,Wed Oct 29 00:23:18 UTC 2025,Wed Oct 29 00:23:18 UTC 2025,GET,http://host.docker.internal:8081/core,404,,3,194,93
654,Wed Oct 29 00:23:18 UTC 2025,Wed Oct 29 00:23:18 UTC 2025,GET,http://host.docker.internal:8081/sftp-config.json,404,,2,195,105
655,Wed Oct 29 00:23:18 UTC 2025,Wed Oct 29 00:23:18 UTC 2025,GET,http://host.docker.internal:8081/WS_FTP.ini,404,,4,238,99
656,Wed Oct 29 00:23:18 UTC 2025,Wed Oct 29 00:23:18 UTC 2025,GET,http://host.docker.internal:8081/ws_ftp.ini,404,,3,238,99
657,Wed Oct 29 00:23:18 UTC 2025,Wed Oct 29 00:23:18 UTC 2025,GET,http://host.docker.internal:8081/WS_FTP.INI,404,,3,238,99
658,Wed Oct 29 00:23:18 UTC 2025,Wed Oct 29 00:23:18 UTC 2025,GET,http://host.docker.internal:8081/filezilla.xml,404,,3,195,102
659,Wed Oct 29 00:23:18 UTC 2025,Wed Oct 29 00:23:18 UTC 2025,GET,http://host.docker.internal:8081/sitemanager.xml,404,,3,195,104
660,Wed Oct 29 00:23:18 UTC 2025,Wed Oct 29 00:23:18 UTC 2025,GET,http://host.docker.internal:8081/FileZilla.xml,404,,2,195,102
661,Wed Oct 29 00:23:18 UTC 2025,Wed Oct 29 00:23:18 UTC 2025,GET,http://host.docker.internal:8081/winscp.ini,404,,2,238,99
662,Wed Oct 29 00:23:18 UTC 2025,Wed Oct 29 00:23:18 UTC 2025,GET,http://host.docker.internal:8081/WinSCP.ini,404,,3,238,99
663,Wed Oct 29 00:23:18 UTC 2025,Wed Oct 29 00:23:18 UTC 2025,GET,http://host.docker.internal:8081/.DS_Store,404,,2,238,98
664,Wed Oct 29 00:23:18 UTC 2025,Wed Oct 29 00:23:18 UTC 2025,GET,http://host.docker.internal:8081/.php_cs.cache,404,,2,239,102
665,Wed Oct 29 00:23:18 UTC 2025,Wed Oct 29 00:23:18 UTC 2025,GET,http://host.docker.internal:8081/DEADJOE,404,,2,194,96
666,Wed Oct 29 00:23:18 UTC 2025,Wed Oct 29 00:23:18 UTC 2025,GET,http://host.docker.internal:8081/sites/default/private/files/backup_migrate/scheduled/test.txt,404,,3,195,150
667,Wed Oct 29 00:23:18 UTC 2025,Wed Oct 29 00:23:18 UTC 2025,GET,http://host.docker.internal:8081/app/etc/local.xml,404,,3,195,106
668,Wed Oct 29 00:23:18 UTC 2025,Wed Oct 29 00:23:18 UTC 2025,GET,http://host.docker.internal:8081/server.key,404,,2,238,99
669,Wed Oct 29 00:23:18 UTC 2025,Wed Oct 29 00:23:18 UTC 2025,GET,http://host.docker.internal:8081/privatekey.key,404,,3,239,103
670,Wed Oct 29 00:23:18 UTC 2025,Wed Oct 29 00:23:18 UTC 2025,GET,http://host.docker.internal:8081/myserver.key,404,,3,239,101
671,Wed Oct 29 00:23:18 UTC 2025,Wed Oct 29 00:23:18 UTC 2025,GET,http://host.docker.internal:8081/key.pem,404,,3,238,96
672,Wed Oct 29 00:23:18 UTC 2025,Wed Oct 29 00:23:18 UTC 2025,GET,http://host.docker.internal:8081/id_rsa,404,,3,194,95
673,Wed Oct 29 00:23:18 UTC 2025,Wed Oct 29 00:23:18 UTC 2025,GET,http://host.docker.internal:8081/id_dsa,404,,3,194,95
674,Wed Oct 29 00:23:18 UTC 2025,Wed Oct 29 00:23:18 UTC 2025,GET,http://host.docker.internal:8081/.ssh/id_rsa,404,,2,195,100
675,Wed Oct 29 00:23:18 UTC 2025,Wed Oct 29 00:23:18 UTC 2025,GET,http://host.docker.internal:8081/.ssh/id_dsa,404,,4,195,100
676,Wed Oct 29 00:23:18 UTC 2025,Wed Oct 29 00:23:18 UTC 2025,GET,http://host.docker.internal:8081/adminer.php,404,,4,239,100
677,Wed Oct 29 00:23:18 UTC 2025,Wed Oct 29 00:23:18 UTC 2025,GET,http://host.docker.internal:8081/vb_test.php,404,,4,239,100
678,Wed Oct 29 00:23:18 UTC 2025,Wed Oct 29 00:23:18 UTC 2025,GET,http://host.docker.internal:8081/CHANGELOG.txt,404,,3,195,102
679,Wed Oct 29 00:23:18 UTC 2025,Wed Oct 29 00:23:18 UTC 2025,GET,http://host.docker.internal:8081/sites/default/files/.ht.sqlite,404,,3,239,119
680,Wed Oct 29 00:23:18 UTC 2025,Wed Oct 29 00:23:18 UTC 2025,GET,http://host.docker.internal:8081/composer.json,404,,2,195,102
681,Wed Oct 29 00:23:18 UTC 2025,Wed Oct 29 00:23:18 UTC 2025,GET,http://host.docker.internal:8081/composer.lock,404,,3,239,102
682,Wed Oct 29 00:23:18 UTC 2025,Wed Oct 29 00:23:18 UTC 2025,GET,http://host.docker.internal:8081/vim_settings.xml,404,,3,195,105
683,Wed Oct 29 00:23:18 UTC 2025,Wed Oct 29 00:23:18 UTC 2025,GET,http://host.docker.internal:8081/server-info,404,,4,195,100
684,Wed Oct 29 00:23:18 UTC 2025,Wed Oct 29 00:23:18 UTC 2025,GET,http://host.docker.internal:8081/phpinfo.php,404,,3,239,100
685,Wed Oct 29 00:23:18 UTC 2025,Wed Oct 29 00:23:18 UTC 2025,GET,http://host.docker.internal:8081/info.php,404,,4,238,97
686,Wed Oct 29 00:23:18 UTC 2025,Wed Oct 29 00:23:18 UTC 2025,GET,http://host.docker.internal:8081/i.php,404,,2,238,94
687,Wed Oct 29 00:23:18 UTC 2025,Wed Oct 29 00:23:18 UTC 2025,GET,http://host.docker.internal:8081/test.php,404,,2,238,97
688,Wed Oct 29 00:23:18 UTC 2025,Wed Oct 29 00:23:18 UTC 2025,GET,http://host.docker.internal:8081/_wpeprivate/config.json,404,,3,195,112
689,Wed Oct 29 00:23:18 UTC 2025,Wed Oct 29 00:23:18 UTC 2025,GET,http://host.docker.internal:8081/_framework/blazor.boot.json,404,,4,195,116
690,Wed Oct 29 00:23:18 UTC 2025,Wed Oct 29 00:23:18 UTC 2025,GET,http://host.docker.internal:8081/.hg,404,,3,238,92
691,Wed Oct 29 00:23:18 UTC 2025,Wed Oct 29 00:23:18 UTC 2025,GET,http://host.docker.internal:8081/.bzr,404,,4,238,93
692,Wed Oct 29 00:23:18 UTC 2025,Wed Oct 29 00:23:18 UTC 2025,GET,http://host.docker.internal:8081/._darcs,404,,3,238,96
693,Wed Oct 29 00:23:18 UTC 2025,Wed Oct 29 00:23:18 UTC 2025,GET,http://host.docker.internal:8081/BitKeeper,404,,4,194,98
694,Wed Oct 29 00:23:18 UTC 2025,Wed Oct 29 00:23:18 UTC 2025,GET,http://host.docker.internal:8081/swagger-ui,404,,2,194,99
695,Wed Oct 29 00:23:18 UTC 2025,Wed Oct 29 00:23:18 UTC 2025,GET,http://host.docker.internal:8081/swagger-ui,404,,3,194,99
696,Wed Oct 29 00:23:18 UTC 2025,Wed Oct 29 00:23:18 UTC 2025,GET,http://host.docker.internal:8081/swagger-ui/favicon-16x16.png,200,,3,304,665
697,Wed Oct 29 00:23:18 UTC 2025,Wed Oct 29 00:23:18 UTC 2025,GET,http://host.docker.internal:8081/swagger-ui/favicon-32x32.png,200,,4,256,628
698,Wed Oct 29 00:23:18 UTC 2025,Wed Oct 29 00:23:18 UTC 2025,GET,http://host.docker.internal:8081/swagger-ui/index.css,200,,3,303,202
699,Wed Oct 29 00:23:18 UTC 2025,Wed Oct 29 00:23:18 UTC 2025,GET,http://host.docker.internal:8081/swagger-ui,404,,4,194,99
700,Wed Oct 29 00:23:18 UTC 2025,Wed Oct 29 00:23:18 UTC 2025,GET,http://host.docker.internal:8081/swagger-ui/index.html,200,,5,304,734
701,Wed Oct 29 00:23:18 UTC 2025,Wed Oct 29 00:23:18 UTC 2025,GET,http://host.docker.internal:8081/swagger-ui/swagger-initializer.js,200,,5,335,612
702,Wed Oct 29 00:23:18 UTC 2025,Wed Oct 29 00:23:18 UTC 2025,GET,http://host.docker.internal:8081/swagger-ui/index.css,200,,2,303,202
703,Wed Oct 29 00:23:18 UTC 2025,Wed Oct 29 00:23:18 UTC 2025,GET,http://host.docker.internal:8081/swagger-ui/favicon-16x16.png,200,,2,304,665
704,Wed Oct 29 00:23:18 UTC 2025,Wed Oct 29 00:23:18 UTC 2025,GET,http://host.docker.internal:8081/swagger-ui/favicon-32x32.png,200,,2,256,628
705,Wed Oct 29 00:23:18 UTC 2025,Wed Oct 29 00:23:18 UTC 2025,GET,http://host.docker.internal:8081/swagger-ui/index.html,200,,2,304,734
707,Wed Oct 29 00:23:18 UTC 2025,Wed Oct 29 00:23:18 UTC 2025,GET,http://host.docker.internal:8081/swagger-ui/index.html,200,,3,304,734
708,Wed Oct 29 00:23:18 UTC 2025,Wed Oct 29 00:23:18 UTC 2025,GET,http://host.docker.internal:8081/swagger-ui/favicon-32x32.png,200,,3,256,628
709,Wed Oct 29 00:23:18 UTC 2025,Wed Oct 29 00:23:18 UTC 2025,GET,http://host.docker.internal:8081/swagger-ui/favicon-16x16.png,200,,3,304,665
710,Wed Oct 29 00:23:18 UTC 2025,Wed Oct 29 00:23:18 UTC 2025,GET,http://host.docker.internal:8081/swagger-ui/index.css,200,,2,303,202
711,Wed Oct 29 00:23:18 UTC 2025,Wed Oct 29 00:23:18 UTC 2025,GET,http://host.docker.internal:8081/swagger-ui/swagger-initializer.js,200,,2,335,612
712,Wed Oct 29 00:23:18 UTC 2025,Wed Oct 29 00:23:18 UTC 2025,GET,http://host.docker.internal:8081/swagger-ui/swagger-ui.css,200,,5,306,152059
713,Wed Oct 29 00:23:18 UTC 2025,Wed Oct 29 00:23:18 UTC 2025,GET,http://host.docker.internal:8081/swagger-ui/favicon-32x32.png,200,,3,256,628
714,Wed Oct 29 00:23:18 UTC 2025,Wed Oct 29 00:23:18 UTC 2025,GET,http://host.docker.internal:8081/swagger-ui/swagger-ui-standalone-preset.js,200,,8,313,230777
715,Wed Oct 29 00:23:18 UTC 2025,Wed Oct 29 00:23:18 UTC 2025,GET,http://host.docker.internal:8081/swagger-ui/index.css,200,,2,303,202
716,Wed Oct 29 00:23:18 UTC 2025,Wed Oct 29 00:23:18 UTC 2025,GET,http://host.docker.internal:8081/swagger-ui/favicon-16x16.png,200,,1,304,665
717,Wed Oct 29 00:23:18 UTC 2025,Wed Oct 29 00:23:18 UTC 2025,GET,http://host.docker.internal:8081/swagger-ui/index.html,200,,2,304,734
718,Wed Oct 29 00:23:18 UTC 2025,Wed Oct 29 00:23:18 UTC 2025,GET,http://host.docker.internal:8081/swagger-ui/swagger-ui.css,200,,3,306,152059
719,Wed Oct 29 00:23:18 UTC 2025,Wed Oct 29 00:23:18 UTC 2025,GET,http://host.docker.internal:8081/swagger-ui/favicon-32x32.png,200,,2,256,628
720,Wed Oct 29 00:23:18 UTC 2025,Wed Oct 29 00:23:18 UTC 2025,GET,http://host.docker.internal:8081/swagger-ui/swagger-ui-bundle.js,200,,13,314,1418005
721,Wed Oct 29 00:23:18 UTC 2025,Wed Oct 29 00:23:18 UTC 2025,GET,http://host.docker.internal:8081/swagger-ui/swagger-initializer.js,200,,2,335,612
722,Wed Oct 29 00:23:18 UTC 2025,Wed Oct 29 00:23:18 UTC 2025,GET,http://host.docker.internal:8081/swagger-ui/swagger-ui.css,200,,4,306,152059
723,Wed Oct 29 00:23:18 UTC 2025,Wed Oct 29 00:23:18 UTC 2025,GET,http://host.docker.internal:8081/swagger-ui/favicon-32x32.png,200,,2,256,628
724,Wed Oct 29 00:23:18 UTC 2025,Wed Oct 29 00:23:18 UTC 2025,GET,http://host.docker.internal:8081/swagger-ui/swagger-ui-standalone-preset.js,200,,4,313,230777
725,Wed Oct 29 00:23:18 UTC 2025,Wed Oct 29 00:23:18 UTC 2025,GET,http://host.docker.internal:8081/swagger-ui/index.html,200,,2,304,734
726,Wed Oct 29 00:23:18 UTC 2025,Wed Oct 29 00:23:18 UTC 2025,GET,http://host.docker.internal:8081/swagger-ui/swagger-initializer.js,200,,2,335,612
727,Wed Oct 29 00:23:18 UTC 2025,Wed Oct 29 00:23:18 UTC 2025,GET,http://host.docker.internal:8081/swagger-ui/favicon-16x16.png,200,,1,304,665
728,Wed Oct 29 00:23:18 UTC 2025,Wed Oct 29 00:23:18 UTC 2025,GET,http://host.docker.internal:8081/swagger-ui/index.css,200,,1,303,202
729,Wed Oct 29 00:23:18 UTC 2025,Wed Oct 29 00:23:18 UTC 2025,GET,http://host.docker.internal:8081/swagger-ui/favicon-32x32.png,200,,2,256,628
730,Wed Oct 29 00:23:18 UTC 2025,Wed Oct 29 00:23:18 UTC 2025,GET,http://host.docker.internal:8081/swagger-ui/swagger-ui.css,200,,3,306,152059
731,Wed Oct 29 00:23:18 UTC 2025,Wed Oct 29 00:23:18 UTC 2025,GET,http://host.docker.internal:8081/swagger-ui/swagger-ui-standalone-preset.js,200,,5,313,230777
732,Wed Oct 29 00:23:18 UTC 2025,Wed Oct 29 00:23:18 UTC 2025,GET,http://host.docker.internal:8081/swagger-ui,404,,4,194,99
733,Wed Oct 29 00:23:18 UTC 2025,Wed Oct 29 00:23:18 UTC 2025,GET,http://host.docker.internal:8081/swagger-ui/favicon-16x16.png,200,,3,304,665
735,Wed Oct 29 00:23:18 UTC 2025,Wed Oct 29 00:23:18 UTC 2025,GET,http://host.docker.internal:8081/swagger-ui/index.css,200,,2,303,202
736,Wed Oct 29 00:23:18 UTC 2025,Wed Oct 29 00:23:18 UTC 2025,GET,http://host.docker.internal:8081/swagger-ui/swagger-initializer.js,200,,3,335,612
737,Wed Oct 29 00:23:18 UTC 2025,Wed Oct 29 00:23:18 UTC 2025,GET,http://host.docker.internal:8081/swagger-ui/index.html,200,,3,304,734
738,Wed Oct 29 00:23:18 UTC 2025,Wed Oct 29 00:23:18 UTC 2025,GET,http://host.docker.internal:8081/swagger-ui/swagger-ui-bundle.js,200,,11,314,1418005
739,Wed Oct 29 00:23:18 UTC 2025,Wed Oct 29 00:23:18 UTC 2025,GET,http://host.docker.internal:8081/swagger-ui/favicon-32x32.png,200,,1,256,628
740,Wed Oct 29 00:23:18 UTC 2025,Wed Oct 29 00:23:18 UTC 2025,GET,http://host.docker.internal:8081/swagger-ui/swagger-ui-standalone-preset.js,200,,3,313,230777
741,Wed Oct 29 00:23:18 UTC 2025,Wed Oct 29 00:23:18 UTC 2025,GET,http://host.docker.internal:8081/swagger-ui/swagger-ui.css,200,,4,306,152059
742,Wed Oct 29 00:23:18 UTC 2025,Wed Oct 29 00:23:18 UTC 2025,GET,http://host.docker.internal:8081/swagger-ui/index.html,200,,2,304,734
743,Wed Oct 29 00:23:18 UTC 2025,Wed Oct 29 00:23:18 UTC 2025,GET,http://host.docker.internal:8081/swagger-ui/swagger-initializer.js,200,,2,335,612
744,Wed Oct 29 00:23:18 UTC 2025,Wed Oct 29 00:23:18 UTC 2025,GET,http://host.docker.internal:8081/swagger-ui/index.css,200,,2,303,202
745,Wed Oct 29 00:23:18 UTC 2025,Wed Oct 29 00:23:18 UTC 2025,GET,http://host.docker.internal:8081/swagger-ui/favicon-16x16.png,200,,1,304,665
746,Wed Oct 29 00:23:18 UTC 2025,Wed Oct 29 00:23:18 UTC 2025,GET,http://host.docker.internal:8081/swagger-ui/swagger-ui-bundle.js,200,,11,314,1418005
747,Wed Oct 29 00:23:18 UTC 2025,Wed Oct 29 00:23:18 UTC 2025,GET,http://host.docker.internal:8081/swagger-ui/favicon-32x32.png,200,,3,256,628
748,Wed Oct 29 00:23:18 UTC 2025,Wed Oct 29 00:23:18 UTC 2025,GET,http://host.docker.internal:8081/swagger-ui/swagger-ui.css,200,,11,306,152059
749,Wed Oct 29 00:23:18 UTC 2025,Wed Oct 29 00:23:18 UTC 2025,GET,http://host.docker.internal:8081/swagger-ui/swagger-ui-standalone-preset.js,200,,12,313,230777
750,Wed Oct 29 00:23:18 UTC 2025,Wed Oct 29 00:23:18 UTC 2025,GET,http://host.docker.internal:8081/swagger-ui/index.html,200,,4,304,734
751,Wed Oct 29 00:23:18 UTC 2025,Wed Oct 29 00:23:18 UTC 2025,GET,http://host.docker.internal:8081/swagger-ui/favicon-16x16.png,200,,3,304,665
752,Wed Oct 29 00:23:18 UTC 2025,Wed Oct 29 00:23:18 UTC 2025,GET,http://host.docker.internal:8081/swagger-ui/index.css,200,,3,303,202
753,Wed Oct 29 00:23:18 UTC 2025,Wed Oct 29 00:23:18 UTC 2025,GET,http://host.docker.internal:8081/swagger-ui/swagger-initializer.js,200,,3,335,612
754,Wed Oct 29 00:23:18 UTC 2025,Wed Oct 29 00:23:18 UTC 2025,GET,http://host.docker.internal:8081/swagger-ui/favicon-32x32.png,200,,2,256,628
755,Wed Oct 29 00:23:18 UTC 2025,Wed Oct 29 00:23:18 UTC 2025,GET,http://host.docker.internal:8081/swagger-ui/index.html,200,,2,304,734
756,Wed Oct 29 00:23:18 UTC 2025,Wed Oct 29 00:23:18 UTC 2025,GET,http://host.docker.internal:8081/swagger-ui/favicon-16x16.png,200,,1,304,665
757,Wed Oct 29 00:23:18 UTC 2025,Wed Oct 29 00:23:18 UTC 2025,GET,http://host.docker.internal:8081/swagger-ui/index.css,200,,1,303,202
758,Wed Oct 29 00:23:18 UTC 2025,Wed Oct 29 00:23:18 UTC 2025,GET,http://host.docker.internal:8081/swagger-ui/swagger-ui.css,200,,4,306,152059
759,Wed Oct 29 00:23:18 UTC 2025,Wed Oct 29 00:23:18 UTC 2025,GET,http://host.docker.internal:8081/swagger-ui/swagger-initializer.js,200,,4,335,612
760,Wed Oct 29 00:23:18 UTC 2025,Wed Oct 29 00:23:18 UTC 2025,GET,http://host.docker.internal:8081/swagger-ui/index.css,200,,1,303,202
761,Wed Oct 29 00:23:18 UTC 2025,Wed Oct 29 00:23:18 UTC 2025,GET,http://host.docker.internal:8081/swagger-ui/favicon-32x32.png,200,,3,256,628
762,Wed Oct 29 00:23:18 UTC 2025,Wed Oct 29 00:23:18 UTC 2025,GET,http://host.docker.internal:8081/swagger-ui/swagger-ui-bundle.js,200,,10,314,1418005
763,Wed Oct 29 00:23:18 UTC 2025,Wed Oct 29 00:23:18 UTC 2025,GET,http://host.docker.internal:8081/swagger-ui/index.html,200,,2,304,734
764,Wed Oct 29 00:23:18 UTC 2025,Wed Oct 29 00:23:18 UTC 2025,GET,http://host.docker.internal:8081/swagger-ui/favicon-16x16.png,200,,2,304,665
765,Wed Oct 29 00:23:18 UTC 2025,Wed Oct 29 00:23:18 UTC 2025,GET,http://host.docker.internal:8081/swagger-ui/swagger-ui-standalone-preset.js,200,,2,313,230777
766,Wed Oct 29 00:23:18 UTC 2025,Wed Oct 29 00:23:18 UTC 2025,GET,http://host.docker.internal:8081/swagger-ui/swagger-ui.css,200,,3,306,152059
767,Wed Oct 29 00:23:18 UTC 2025,Wed Oct 29 00:23:18 UTC 2025,GET,http://host.docker.internal:8081/swagger-ui/index.css,200,,2,303,202
768,Wed Oct 29 00:23:18 UTC 2025,Wed Oct 29 00:23:18 UTC 2025,GET,http://host.docker.internal:8081/swagger-ui/swagger-initializer.js,200,,2,335,612
769,Wed Oct 29 00:23:18 UTC 2025,Wed Oct 29 00:23:18 UTC 2025,GET,http://host.docker.internal:8081/swagger-ui/favicon-32x32.png,200,,1,256,628
770,Wed Oct 29 00:23:18 UTC 2025,Wed Oct 29 00:23:18 UTC 2025,GET,http://host.docker.internal:8081/swagger-ui/index.html,200,,2,304,734
771,Wed Oct 29 00:23:18 UTC 2025,Wed Oct 29 00:23:18 UTC 2025,GET,http://host.docker.internal:8081/swagger-ui/favicon-16x16.png,200,,2,304,665
772,Wed Oct 29 00:23:18 UTC 2025,Wed Oct 29 00:23:18 UTC 2025,GET,http://host.docker.internal:8081/swagger-ui/index.css,200,,2,303,202
773,Wed Oct 29 00:23:18 UTC 2025,Wed Oct 29 00:23:18 UTC 2025,GET,http://host.docker.internal:8081/swagger-ui/swagger-ui-standalone-preset.js,200,,3,313,230777
775,Wed Oct 29 00:23:18 UTC 2025,Wed Oct 29 00:23:18 UTC 2025,GET,http://host.docker.internal:8081/swagger-ui/favicon-16x16.png,200,,2,304,665
774,Wed Oct 29 00:23:18 UTC 2025,Wed Oct 29 00:23:18 UTC 2025,GET,http://host.docker.internal:8081/swagger-ui/swagger-ui.css,200,,3,306,152059
776,Wed Oct 29 00:23:18 UTC 2025,Wed Oct 29 00:23:18 UTC 2025,GET,http://host.docker.internal:8081/swagger-ui/index.html,200,,2,304,734
777,Wed Oct 29 00:23:18 UTC 2025,Wed Oct 29 00:23:18 UTC 2025,GET,http://host.docker.internal:8081/swagger-ui/swagger-initializer.js,200,,2,335,612
778,Wed Oct 29 00:23:18 UTC 2025,Wed Oct 29 00:23:18 UTC 2025,GET,http://host.docker.internal:8081/swagger-ui/swagger-ui-bundle.js,200,,10,314,1418005
779,Wed Oct 29 00:23:18 UTC 2025,Wed Oct 29 00:23:18 UTC 2025,GET,http://host.docker.internal:8081/swagger-ui/swagger-ui-standalone-preset.js,200,,3,313,230777
780,Wed Oct 29 00:23:18 UTC 2025,Wed Oct 29 00:23:18 UTC 2025,GET,http://host.docker.internal:8081/swagger-ui/swagger-ui.css,200,,4,306,152059
781,Wed Oct 29 00:23:18 UTC 2025,Wed Oct 29 00:23:18 UTC 2025,GET,http://host.docker.internal:8081/swagger-ui,404,,3,194,99
782,Wed Oct 29 00:23:18 UTC 2025,Wed Oct 29 00:23:18 UTC 2025,GET,http://host.docker.internal:8081/swagger-ui/swagger-initializer.js,200,,2,335,612
784,Wed Oct 29 00:23:18 UTC 2025,Wed Oct 29 00:23:18 UTC 2025,GET,http://host.docker.internal:8081/swagger-ui/swagger-ui-standalone-preset.js,200,,4,313,230777
785,Wed Oct 29 00:23:18 UTC 2025,Wed Oct 29 00:23:18 UTC 2025,GET,http://host.docker.internal:8081/swagger-ui/swagger-initializer.js,200,,2,335,612
786,Wed Oct 29 00:23:18 UTC 2025,Wed Oct 29 00:23:18 UTC 2025,GET,http://host.docker.internal:8081/swagger-ui/swagger-ui-bundle.js,200,,10,314,1418005
787,Wed Oct 29 00:23:18 UTC 2025,Wed Oct 29 00:23:18 UTC 2025,GET,http://host.docker.internal:8081/swagger-ui/swagger-ui-standalone-preset.js,200,,3,313,230777
788,Wed Oct 29 00:23:18 UTC 2025,Wed Oct 29 00:23:18 UTC 2025,GET,http://host.docker.internal:8081/swagger-ui/swagger-ui.css,200,,3,306,152059
789,Wed Oct 29 00:23:18 UTC 2025,Wed Oct 29 00:23:18 UTC 2025,GET,http://host.docker.internal:8081/swagger-ui/swagger-ui-bundle.js,200,,13,314,1418005
790,Wed Oct 29 00:23:18 UTC 2025,Wed Oct 29 00:23:18 UTC 2025,GET,http://host.docker.internal:8081/swagger-ui/swagger-ui-standalone-preset.js,200,,6,313,230777
791,Wed Oct 29 00:23:18 UTC 2025,Wed Oct 29 00:23:18 UTC 2025,GET,http://host.docker.internal:8081/swagger-ui/swagger-ui.css,200,,5,306,152059
792,Wed Oct 29 00:23:18 UTC 2025,Wed Oct 29 00:23:18 UTC 2025,GET,http://host.docker.internal:8081/swagger-ui/swagger-ui-standalone-preset.js,200,,3,313,230777
793,Wed Oct 29 00:23:18 UTC 2025,Wed Oct 29 00:23:18 UTC 2025,GET,http://host.docker.internal:8081/swagger-ui,404,,2,194,99
795,Wed Oct 29 00:23:18 UTC 2025,Wed Oct 29 00:23:18 UTC 2025,GET,http://host.docker.internal:8081/swagger-ui/swagger-ui-bundle.js,200,,10,314,1418005
796,Wed Oct 29 00:23:18 UTC 2025,Wed Oct 29 00:23:18 UTC 2025,GET,http://host.docker.internal:8081/swagger-ui/swagger-ui-bundle.js,200,,14,314,1418005
797,Wed Oct 29 00:23:18 UTC 2025,Wed Oct 29 00:23:18 UTC 2025,GET,http://host.docker.internal:8081/swagger-ui/swagger-ui-bundle.js,200,,11,314,1418005
798,Wed Oct 29 00:23:18 UTC 2025,Wed Oct 29 00:23:18 UTC 2025,GET,http://host.docker.internal:8081/swagger-ui,404,,2,194,99
800,Wed Oct 29 00:23:18 UTC 2025,Wed Oct 29 00:23:18 UTC 2025,GET,http://host.docker.internal:8081/swagger-ui/swagger-ui-bundle.js,200,,10,314,1418005
801,Wed Oct 29 00:23:18 UTC 2025,Wed Oct 29 00:23:18 UTC 2025,GET,http://host.docker.internal:8081/swagger-ui/swagger-ui-bundle.js,200,,10,314,1418005
802,Wed Oct 29 00:23:18 UTC 2025,Wed Oct 29 00:23:18 UTC 2025,GET,http://host.docker.internal:8081/swagger-ui,404,,2,194,99
804,Wed Oct 29 00:23:18 UTC 2025,Wed Oct 29 00:23:18 UTC 2025,GET,http://host.docker.internal:8081/swagger-ui,404,,2,194,99
806,Wed Oct 29 00:23:18 UTC 2025,Wed Oct 29 00:23:18 UTC 2025,GET,http://host.docker.internal:8081/swagger-ui,404,,3,194,99
808,Wed Oct 29 00:23:18 UTC 2025,Wed Oct 29 00:23:18 UTC 2025,GET,http://host.docker.internal:8081/swagger-ui,404,,13,194,99
810,Wed Oct 29 00:23:18 UTC 2025,Wed Oct 29 00:23:18 UTC 2025,GET,http://host.docker.internal:8081/swagger-ui,404,,2,194,99
812,Wed Oct 29 00:23:18 UTC 2025,Wed Oct 29 00:23:18 UTC 2025,GET,http://host.docker.internal:8081/swagger-ui,404,,5,194,99
814,Wed Oct 29 00:23:18 UTC 2025,Wed Oct 29 00:23:18 UTC 2025,GET,http://host.docker.internal:8081/swagger-ui,404,,4,194,99
816,Wed Oct 29 00:23:18 UTC 2025,Wed Oct 29 00:23:18 UTC 2025,GET,http://host.docker.internal:8081/swagger-ui,404,,3,194,99
817,Wed Oct 29 00:23:18 UTC 2025,Wed Oct 29 00:23:18 UTC 2025,GET,http://host.docker.internal:8081/swagger-ui,404,,2,194,99
818,Wed Oct 29 00:23:18 UTC 2025,Wed Oct 29 00:23:18 UTC 2025,GET,http://host.docker.internal:8081/swagger-ui,404,,3,194,99
